enormously,tremendously,decidedly,guess
provisions,stipulations,jurisdictions,guess
haphazardly,randomly,densely,guess
prominent,conspicuous,mysterious,guess
zenith,pinnacle,decline,guess
flawed,imperfect,lustrous,guess
urgently,desperately,tentatively,guess
consumed,eaten,supplied,wrong
advent,coming,arrest,guess
concisely,succinctly,powerfully,guess
salutes,greetings,information,guess
solitary,alone,restless,wrong
hasten,accelerate,accompany,wrong
perseverance,endurance,endurance,guess
fanciful,imaginative,imaginative,guess
showed,demonstrated,repeated,wrong
constantly,continually,instantly,wrong
issues,subjects,salaries,guess
furnish,supply,advise,guess
costly,expensive,popular,guess
recognized,acknowledged,welcomed,wrong
spot,location,sea,wrong
make,earn,trade,wrong
often,frequently,frequently,correct
easygoing,relaxed,farming,guess
debate,argument,election,guess
narrow,thin,clear,wrong
arranged,planned,explained,wrong
infinite,limitless,unusual,wrong
showy,striking,prickly,guess
levied,imposed,imposed,guess
deftly,skillfully,occasionally,guess
distribute,circulate,research,wrong
discrepancies,differences,deposits,guess
prolific,productive,promising,guess
unmatched,unequaled,unrecognized,guess
peculiarly,uniquely,partly,wrong
hue,color,color,guess
hind,rear,rear,guess
highlight,accentuate,imitate,guess
hastily,hurriedly,chronologically,guess
temperate,mild,cold,guess
grin,smile,exercise,wrong
verbally,orally,fittingly,guess
physician,doctor,chemist,guess
essentially,basically,ordinarily,guess
keen,sharp,sharp,correct
situated,positioned,isolated,guess
principal,major,exceptional,guess
slowly,gradually,gradually,correct
built,constructed,constructed,correct
tasks,jobs,customers,guess
unlikely,improbable,different,wrong
halfheartedly,apathetically,unconventionally,guess
annals,chronicles,songs,guess
wildly,furiously,abruptly,wrong
hailed,acclaimed,remembered,wrong
command,mastery,love,wrong
concocted,devised,cleaned,guess
prospective,potential,prudent,guess
generally,broadly,descriptively,guess
sustained,prolonged,analyzed,guess
perilous,dangerous,exciting,guess
tranquillity,peacefulness,happiness,wrong
dissipate,disperse,photograph,wrong
primarily,chiefly,cautiously,guess
colloquial,conversational,recorded,guess
resolved,settled,settled,correct
feasible,possible,equitable,guess
expeditiously,rapidly,repeatedly,guess
percentage,proportion,volume,guess
terminated,ended,ended,guess
uniform,alike,hard,wrong
figure,solve,list,wrong
sufficient,enough,recent,wrong
fashion,manner,manner,correct
marketed,sold,sold,guess
bigger,larger,steadier,guess
roots,origins,rituals,guess
normally,ordinarily,permanently,guess
